test@gmail.com,haha@gmail.com
jose@gmail.com,hehe@gmail.com
yoyo@gmail.com,hihi@gmail.com
toto@gmail.com,hoho@gmail.com
tata@gmail.com,huhu@gmail.com
test@gmail.com,haha@gmail.com
jose@gmail.com,hehe@gmail.com
yoyo@gmail.com,hihi@gmail.com
toto@gmail.com,hoho@gmail.com
tata@gmail.com,huhu@gmail.com
test@gmail.com,haha@gmail.com
jose@gmail.com,hehe@gmail.com
yoyo@gmail.com,hihi@gmail.com
toto@gmail.com,hoho@gmail.com
tata@gmail.com,huhu@gmail.com
test@gmail.com,haha@gmail.com
jose@gmail.com,hehe@gmail.com
yoyo@gmail.com,hihi@gmail.com
toto@gmail.com,hoho@gmail.com
tata@gmail.com,huhu@gmail.com
test@gmail.com,haha@gmail.com
jose@gmail.com,hehe@gmail.com
yoyo@gmail.com,hihi@gmail.com
toto@gmail.com,hoho@gmail.com
tata@gmail.com,huhu@gmail.com
test@gmail.com,haha@gmail.com
jose@gmail.com,hehe@gmail.com
yoyo@gmail.com,hihi@gmail.com
toto@gmail.com,hoho@gmail.com
tata@gmail.com,huhu@gmail.com
test@gmail.com,haha@gmail.com
jose@gmail.com,hehe@gmail.com
yoyo@gmail.com,hihi@gmail.com
toto@gmail.com,hoho@gmail.com
tata@gmail.com,huhu@gmail.com
test@gmail.com,haha@gmail.com
jose@gmail.com,hehe@gmail.com
yoyo@gmail.com,hihi@gmail.com
toto@gmail.com,hoho@gmail.com
tata@gmail.com,huhu@gmail.com
test@gmail.com,haha@gmail.com
jose@gmail.com,hehe@gmail.com
yoyo@gmail.com,hihi@gmail.com
toto@gmail.com,hoho@gmail.com
tata@gmail.com,huhu@gmail.com
test@gmail.com,haha@gmail.com
jose@gmail.com,hehe@gmail.com
yoyo@gmail.com,hihi@gmail.com
toto@gmail.com,hoho@gmail.com
tata@gmail.com,huhu@gmail.com
test@gmail.com,haha@gmail.com
jose@gmail.com,hehe@gmail.com
yoyo@gmail.com,hihi@gmail.com
toto@gmail.com,hoho@gmail.com
tata@gmail.com,huhu@gmail.com
test@gmail.com,haha@gmail.com
jose@gmail.com,hehe@gmail.com
yoyo@gmail.com,hihi@gmail.com
toto@gmail.com,hoho@gmail.com
tata@gmail.com,huhu@gmail.com
test@gmail.com,haha@gmail.com
jose@gmail.com,hehe@gmail.com
yoyo@gmail.com,hihi@gmail.com
toto@gmail.com,hoho@gmail.com
tata@gmail.com,huhu@gmail.com
test@gmail.com,haha@gmail.com
jose@gmail.com,hehe@gmail.com
yoyo@gmail.com,hihi@gmail.com
toto@gmail.com,hoho@gmail.com
tata@gmail.com,huhu@gmail.com
test@gmail.com,haha@gmail.com
jose@gmail.com,hehe@gmail.com
yoyo@gmail.com,hihi@gmail.com
toto@gmail.com,hoho@gmail.com
tata@gmail.com,huhu@gmail.com
test@gmail.com,haha@gmail.com
jose@gmail.com,hehe@gmail.com
yoyo@gmail.com,hihi@gmail.com
toto@gmail.com,hoho@gmail.com
tata@gmail.com,huhu@gmail.com
test@gmail.com,haha@gmail.com
jose@gmail.com,hehe@gmail.com
yoyo@gmail.com,hihi@gmail.com
toto@gmail.com,hoho@gmail.com
tata@gmail.com,huhu@gmail.com
test@gmail.com,haha@gmail.com
jose@gmail.com,hehe@gmail.com
yoyo@gmail.com,hihi@gmail.com
toto@gmail.com,hoho@gmail.com
tata@gmail.com,huhu@gmail.com
test@gmail.com,haha@gmail.com
jose@gmail.com,hehe@gmail.com
yoyo@gmail.com,hihi@gmail.com
toto@gmail.com,hoho@gmail.com
tata@gmail.com,huhu@gmail.com
test@gmail.com,haha@gmail.com
jose@gmail.com,hehe@gmail.com
yoyo@gmail.com,hihi@gmail.com
toto@gmail.com,hoho@gmail.com
tata@gmail.com,huhu@gmail.com
test@gmail.com,haha@gmail.com
jose@gmail.com,hehe@gmail.com
yoyo@gmail.com,hihi@gmail.com
toto@gmail.com,hoho@gmail.com
tata@gmail.com,huhu@gmail.com
test@gmail.com,haha@gmail.com
jose@gmail.com,hehe@gmail.com
yoyo@gmail.com,hihi@gmail.com
toto@gmail.com,hoho@gmail.com
tata@gmail.com,huhu@gmail.com
test@gmail.com,haha@gmail.com
jose@gmail.com,hehe@gmail.com
yoyo@gmail.com,hihi@gmail.com
toto@gmail.com,hoho@gmail.com
tata@gmail.com,huhu@gmail.com
test@gmail.com,haha@gmail.com
jose@gmail.com,hehe@gmail.com
yoyo@gmail.com,hihi@gmail.com
toto@gmail.com,hoho@gmail.com
tata@gmail.com,huhu@gmail.com
test@gmail.com,haha@gmail.com
jose@gmail.com,hehe@gmail.com
yoyo@gmail.com,hihi@gmail.com
toto@gmail.com,hoho@gmail.com
tata@gmail.com,huhu@gmail.com
test@gmail.com,haha@gmail.com
jose@gmail.com,hehe@gmail.com
yoyo@gmail.com,hihi@gmail.com
toto@gmail.com,hoho@gmail.com
tata@gmail.com,huhu@gmail.com
test@gmail.com,haha@gmail.com
jose@gmail.com,hehe@gmail.com
yoyo@gmail.com,hihi@gmail.com
toto@gmail.com,hoho@gmail.com
tata@gmail.com,huhu@gmail.com
test@gmail.com,haha@gmail.com
jose@gmail.com,hehe@gmail.com
yoyo@gmail.com,hihi@gmail.com
toto@gmail.com,hoho@gmail.com
tata@gmail.com,huhu@gmail.com
test@gmail.com,haha@gmail.com
jose@gmail.com,hehe@gmail.com
yoyo@gmail.com,hihi@gmail.com
toto@gmail.com,hoho@gmail.com
tata@gmail.com,huhu@gmail.com
test@gmail.com,haha@gmail.com
jose@gmail.com,hehe@gmail.com
yoyo@gmail.com,hihi@gmail.com
toto@gmail.com,hoho@gmail.com
tata@gmail.com,huhu@gmail.com
test@gmail.com,haha@gmail.com
jose@gmail.com,hehe@gmail.com
yoyo@gmail.com,hihi@gmail.com
toto@gmail.com,hoho@gmail.com
tata@gmail.com,huhu@gmail.com
test@gmail.com,haha@gmail.com
jose@gmail.com,hehe@gmail.com
yoyo@gmail.com,hihi@gmail.com
toto@gmail.com,hoho@gmail.com
tata@gmail.com,huhu@gmail.com
test@gmail.com,haha@gmail.com
jose@gmail.com,hehe@gmail.com
yoyo@gmail.com,hihi@gmail.com
toto@gmail.com,hoho@gmail.com
tata@gmail.com,huhu@gmail.com
test@gmail.com,haha@gmail.com
jose@gmail.com,hehe@gmail.com
yoyo@gmail.com,hihi@gmail.com
toto@gmail.com,hoho@gmail.com
tata@gmail.com,huhu@gmail.com
test@gmail.com,haha@gmail.com
jose@gmail.com,hehe@gmail.com
yoyo@gmail.com,hihi@gmail.com
toto@gmail.com,hoho@gmail.com
tata@gmail.com,huhu@gmail.com
test@gmail.com,haha@gmail.com
jose@gmail.com,hehe@gmail.com
yoyo@gmail.com,hihi@gmail.com
toto@gmail.com,hoho@gmail.com
tata@gmail.com,huhu@gmail.com
test@gmail.com,haha@gmail.com
jose@gmail.com,hehe@gmail.com
yoyo@gmail.com,hihi@gmail.com
toto@gmail.com,hoho@gmail.com
tata@gmail.com,huhu@gmail.com
test@gmail.com,haha@gmail.com
jose@gmail.com,hehe@gmail.com
yoyo@gmail.com,hihi@gmail.com
toto@gmail.com,hoho@gmail.com
tata@gmail.com,huhu@gmail.com
test@gmail.com,haha@gmail.com
jose@gmail.com,hehe@gmail.com
yoyo@gmail.com,hihi@gmail.com
toto@gmail.com,hoho@gmail.com
tata@gmail.com,huhu@gmail.com
test@gmail.com,haha@gmail.com
jose@gmail.com,hehe@gmail.com
yoyo@gmail.com,hihi@gmail.com
toto@gmail.com,hoho@gmail.com
tata@gmail.com,huhu@gmail.com
test@gmail.com,haha@gmail.com
jose@gmail.com,hehe@gmail.com
yoyo@gmail.com,hihi@gmail.com
toto@gmail.com,hoho@gmail.com
tata@gmail.com,huhu@gmail.com
test@gmail.com,haha@gmail.com
jose@gmail.com,hehe@gmail.com
yoyo@gmail.com,hihi@gmail.com
toto@gmail.com,hoho@gmail.com
tata@gmail.com,huhu@gmail.com
test@gmail.com,haha@gmail.com
jose@gmail.com,hehe@gmail.com
yoyo@gmail.com,hihi@gmail.com
toto@gmail.com,hoho@gmail.com
tata@gmail.com,huhu@gmail.com
test@gmail.com,haha@gmail.com
jose@gmail.com,hehe@gmail.com
yoyo@gmail.com,hihi@gmail.com
toto@gmail.com,hoho@gmail.com
tata@gmail.com,huhu@gmail.com
test@gmail.com,haha@gmail.com
jose@gmail.com,hehe@gmail.com
yoyo@gmail.com,hihi@gmail.com
toto@gmail.com,hoho@gmail.com
tata@gmail.com,huhu@gmail.com
test@gmail.com,haha@gmail.com
jose@gmail.com,hehe@gmail.com
yoyo@gmail.com,hihi@gmail.com
toto@gmail.com,hoho@gmail.com
tata@gmail.com,huhu@gmail.com
test@gmail.com,haha@gmail.com
jose@gmail.com,hehe@gmail.com
yoyo@gmail.com,hihi@gmail.com
toto@gmail.com,hoho@gmail.com
tata@gmail.com,huhu@gmail.com
test@gmail.com,haha@gmail.com
jose@gmail.com,hehe@gmail.com
yoyo@gmail.com,hihi@gmail.com
toto@gmail.com,hoho@gmail.com
tata@gmail.com,huhu@gmail.com
test@gmail.com,haha@gmail.com
jose@gmail.com,hehe@gmail.com
yoyo@gmail.com,hihi@gmail.com
toto@gmail.com,hoho@gmail.com
tata@gmail.com,huhu@gmail.com
test@gmail.com,haha@gmail.com
jose@gmail.com,hehe@gmail.com
yoyo@gmail.com,hihi@gmail.com
toto@gmail.com,hoho@gmail.com
tata@gmail.com,huhu@gmail.com
test@gmail.com,haha@gmail.com
jose@gmail.com,hehe@gmail.com
yoyo@gmail.com,hihi@gmail.com
toto@gmail.com,hoho@gmail.com
tata@gmail.com,huhu@gmail.com
test@gmail.com,haha@gmail.com
jose@gmail.com,hehe@gmail.com
yoyo@gmail.com,hihi@gmail.com
toto@gmail.com,hoho@gmail.com
tata@gmail.com,huhu@gmail.com
test@gmail.com,haha@gmail.com
jose@gmail.com,hehe@gmail.com
yoyo@gmail.com,hihi@gmail.com
toto@gmail.com,hoho@gmail.com
tata@gmail.com,huhu@gmail.com
test@gmail.com,haha@gmail.com
jose@gmail.com,hehe@gmail.com
yoyo@gmail.com,hihi@gmail.com
toto@gmail.com,hoho@gmail.com
tata@gmail.com,huhu@gmail.com
test@gmail.com,haha@gmail.com
jose@gmail.com,hehe@gmail.com
yoyo@gmail.com,hihi@gmail.com
toto@gmail.com,hoho@gmail.com
tata@gmail.com,huhu@gmail.com
test@gmail.com,haha@gmail.com
jose@gmail.com,hehe@gmail.com
yoyo@gmail.com,hihi@gmail.com
toto@gmail.com,hoho@gmail.com
tata@gmail.com,huhu@gmail.com
test@gmail.com,haha@gmail.com
jose@gmail.com,hehe@gmail.com
yoyo@gmail.com,hihi@gmail.com
toto@gmail.com,hoho@gmail.com
tata@gmail.com,huhu@gmail.com
test@gmail.com,haha@gmail.com
jose@gmail.com,hehe@gmail.com
yoyo@gmail.com,hihi@gmail.com
toto@gmail.com,hoho@gmail.com
tata@gmail.com,huhu@gmail.com
test@gmail.com,haha@gmail.com
jose@gmail.com,hehe@gmail.com
yoyo@gmail.com,hihi@gmail.com
toto@gmail.com,hoho@gmail.com
tata@gmail.com,huhu@gmail.com
test@gmail.com,haha@gmail.com
jose@gmail.com,hehe@gmail.com
yoyo@gmail.com,hihi@gmail.com
toto@gmail.com,hoho@gmail.com
tata@gmail.com,huhu@gmail.com
test@gmail.com,haha@gmail.com
jose@gmail.com,hehe@gmail.com
yoyo@gmail.com,hihi@gmail.com
toto@gmail.com,hoho@gmail.com
tata@gmail.com,huhu@gmail.com
test@gmail.com,haha@gmail.com
jose@gmail.com,hehe@gmail.com
yoyo@gmail.com,hihi@gmail.com
toto@gmail.com,hoho@gmail.com
tata@gmail.com,huhu@gmail.com
test@gmail.com,haha@gmail.com
jose@gmail.com,hehe@gmail.com
yoyo@gmail.com,hihi@gmail.com
toto@gmail.com,hoho@gmail.com
tata@gmail.com,huhu@gmail.com
test@gmail.com,haha@gmail.com
jose@gmail.com,hehe@gmail.com
yoyo@gmail.com,hihi@gmail.com
toto@gmail.com,hoho@gmail.com
tata@gmail.com,huhu@gmail.com
test@gmail.com,haha@gmail.com
jose@gmail.com,hehe@gmail.com
yoyo@gmail.com,hihi@gmail.com
toto@gmail.com,hoho@gmail.com
tata@gmail.com,huhu@gmail.com
test@gmail.com,haha@gmail.com
jose@gmail.com,hehe@gmail.com
yoyo@gmail.com,hihi@gmail.com
toto@gmail.com,hoho@gmail.com
tata@gmail.com,huhu@gmail.com
test@gmail.com,haha@gmail.com
jose@gmail.com,hehe@gmail.com
yoyo@gmail.com,hihi@gmail.com
toto@gmail.com,hoho@gmail.com
tata@gmail.com,huhu@gmail.com
test@gmail.com,haha@gmail.com
jose@gmail.com,hehe@gmail.com
yoyo@gmail.com,hihi@gmail.com
toto@gmail.com,hoho@gmail.com
tata@gmail.com,huhu@gmail.com
test@gmail.com,haha@gmail.com
jose@gmail.com,hehe@gmail.com
yoyo@gmail.com,hihi@gmail.com
toto@gmail.com,hoho@gmail.com
tata@gmail.com,huhu@gmail.com
test@gmail.com,haha@gmail.com
jose@gmail.com,hehe@gmail.com
yoyo@gmail.com,hihi@gmail.com
toto@gmail.com,hoho@gmail.com
tata@gmail.com,huhu@gmail.com
test@gmail.com,haha@gmail.com
jose@gmail.com,hehe@gmail.com
yoyo@gmail.com,hihi@gmail.com
toto@gmail.com,hoho@gmail.com
tata@gmail.com,huhu@gmail.com
test@gmail.com,haha@gmail.com
jose@gmail.com,hehe@gmail.com
yoyo@gmail.com,hihi@gmail.com
toto@gmail.com,hoho@gmail.com
tata@gmail.com,huhu@gmail.com